{
  "Total" : {
    "transaction" : "Total",
    "sampleCount" : 61581,
    "errorCount" : 0,
    "errorPct" : 0.0,
    "meanResTime" : 19.739335184553692,
    "medianResTime" : 8.0,
    "minResTime" : 3.0,
    "maxResTime" : 604.0,
    "pct1ResTime" : 54.0,
    "pct2ResTime" : 61.0,
    "pct3ResTime" : 89.9900000000016,
    "throughput" : 455.00960543815575,
    "receivedKBytesPerSec" : 25.32768311520984,
    "sentKBytesPerSec" : 46927.691470901984
  },
  "Put asset" : {
    "transaction" : "Put asset",
    "sampleCount" : 61581,
    "errorCount" : 0,
    "errorPct" : 0.0,
    "meanResTime" : 19.739335184553692,
    "medianResTime" : 8.0,
    "minResTime" : 3.0,
    "maxResTime" : 604.0,
    "pct1ResTime" : 54.0,
    "pct2ResTime" : 61.0,
    "pct3ResTime" : 89.9900000000016,
    "throughput" : 455.00960543815575,
    "receivedKBytesPerSec" : 25.32768311520984,
    "sentKBytesPerSec" : 46927.691470901984
  }
}