{
  "Total" : {
    "transaction" : "Total",
    "sampleCount" : 1429,
    "errorCount" : 0,
    "errorPct" : 0.0,
    "meanResTime" : 15.18054583624913,
    "medianResTime" : 7.0,
    "minResTime" : 4.0,
    "maxResTime" : 218.0,
    "pct1ResTime" : 49.0,
    "pct2ResTime" : 55.0,
    "pct3ResTime" : 61.0,
    "throughput" : 52.97104941246246,
    "receivedKBytesPerSec" : 2.948583805185899,
    "sentKBytesPerSec" : 4731.3205317261
  },
  "Put asset" : {
    "transaction" : "Put asset",
    "sampleCount" : 1429,
    "errorCount" : 0,
    "errorPct" : 0.0,
    "meanResTime" : 15.18054583624913,
    "medianResTime" : 7.0,
    "minResTime" : 4.0,
    "maxResTime" : 218.0,
    "pct1ResTime" : 49.0,
    "pct2ResTime" : 55.0,
    "pct3ResTime" : 61.0,
    "throughput" : 52.97104941246246,
    "receivedKBytesPerSec" : 2.948583805185899,
    "sentKBytesPerSec" : 4731.3205317261
  }
}