{
  "Total" : {
    "transaction" : "Total",
    "sampleCount" : 3774,
    "errorCount" : 0,
    "errorPct" : 0.0,
    "meanResTime" : 5.772655007949115,
    "medianResTime" : 4.0,
    "minResTime" : 2.0,
    "maxResTime" : 270.0,
    "pct1ResTime" : 7.0,
    "pct2ResTime" : 8.0,
    "pct3ResTime" : 28.25,
    "throughput" : 140.05789356490757,
    "receivedKBytesPerSec" : 14847.283868953184,
    "sentKBytesPerSec" : 26.04467470821272
  },
  "Get asset" : {
    "transaction" : "Get asset",
    "sampleCount" : 3774,
    "errorCount" : 0,
    "errorPct" : 0.0,
    "meanResTime" : 5.772655007949115,
    "medianResTime" : 4.0,
    "minResTime" : 2.0,
    "maxResTime" : 270.0,
    "pct1ResTime" : 7.0,
    "pct2ResTime" : 8.0,
    "pct3ResTime" : 28.25,
    "throughput" : 140.05789356490757,
    "receivedKBytesPerSec" : 14847.283868953184,
    "sentKBytesPerSec" : 26.04467470821272
  }
}