{
  "Total" : {
    "transaction" : "Total",
    "sampleCount" : 9812,
    "errorCount" : 0,
    "errorPct" : 0.0,
    "meanResTime" : 16.69934773746425,
    "medianResTime" : 6.0,
    "minResTime" : 3.0,
    "maxResTime" : 489.0,
    "pct1ResTime" : 49.0,
    "pct2ResTime" : 55.0,
    "pct3ResTime" : 74.8700000000008,
    "throughput" : 327.77684984132287,
    "receivedKBytesPerSec" : 18.245391055620512,
    "sentKBytesPerSec" : 33728.46825674378
  },
  "Put asset" : {
    "transaction" : "Put asset",
    "sampleCount" : 9812,
    "errorCount" : 0,
    "errorPct" : 0.0,
    "meanResTime" : 16.69934773746425,
    "medianResTime" : 6.0,
    "minResTime" : 3.0,
    "maxResTime" : 489.0,
    "pct1ResTime" : 49.0,
    "pct2ResTime" : 55.0,
    "pct3ResTime" : 74.8700000000008,
    "throughput" : 327.77684984132287,
    "receivedKBytesPerSec" : 18.245391055620512,
    "sentKBytesPerSec" : 33728.46825674378
  }
}