{
  "Total" : {
    "transaction" : "Total",
    "sampleCount" : 1446,
    "errorCount" : 0,
    "errorPct" : 0.0,
    "meanResTime" : 14.932918395574003,
    "medianResTime" : 6.0,
    "minResTime" : 4.0,
    "maxResTime" : 234.0,
    "pct1ResTime" : 49.0,
    "pct2ResTime" : 53.0,
    "pct3ResTime" : 61.0,
    "throughput" : 53.67284065179466,
    "receivedKBytesPerSec" : 2.987648356594039,
    "sentKBytesPerSec" : 4744.85623677666
  },
  "Put asset" : {
    "transaction" : "Put asset",
    "sampleCount" : 1446,
    "errorCount" : 0,
    "errorPct" : 0.0,
    "meanResTime" : 14.932918395574003,
    "medianResTime" : 6.0,
    "minResTime" : 4.0,
    "maxResTime" : 234.0,
    "pct1ResTime" : 49.0,
    "pct2ResTime" : 53.0,
    "pct3ResTime" : 61.0,
    "throughput" : 53.67284065179466,
    "receivedKBytesPerSec" : 2.987648356594039,
    "sentKBytesPerSec" : 4744.85623677666
  }
}