{
  "Total" : {
    "transaction" : "Total",
    "sampleCount" : 3784,
    "errorCount" : 0,
    "errorPct" : 0.0,
    "meanResTime" : 5.758456659619464,
    "medianResTime" : 4.0,
    "minResTime" : 2.0,
    "maxResTime" : 260.0,
    "pct1ResTime" : 7.0,
    "pct2ResTime" : 8.0,
    "pct3ResTime" : 34.30000000000018,
    "throughput" : 140.40295350821864,
    "receivedKBytesPerSec" : 15191.710585588196,
    "sentKBytesPerSec" : 26.10876132842937
  },
  "Get asset" : {
    "transaction" : "Get asset",
    "sampleCount" : 3784,
    "errorCount" : 0,
    "errorPct" : 0.0,
    "meanResTime" : 5.758456659619464,
    "medianResTime" : 4.0,
    "minResTime" : 2.0,
    "maxResTime" : 260.0,
    "pct1ResTime" : 7.0,
    "pct2ResTime" : 8.0,
    "pct3ResTime" : 34.30000000000018,
    "throughput" : 140.40295350821864,
    "receivedKBytesPerSec" : 15191.710585588196,
    "sentKBytesPerSec" : 26.10876132842937
  }
}