{
  "Total" : {
    "transaction" : "Total",
    "sampleCount" : 1506,
    "errorCount" : 0,
    "errorPct" : 0.0,
    "meanResTime" : 14.393094289508625,
    "medianResTime" : 5.0,
    "minResTime" : 3.0,
    "maxResTime" : 229.0,
    "pct1ResTime" : 48.299999999999955,
    "pct2ResTime" : 54.0,
    "pct3ResTime" : 138.68000000000484,
    "throughput" : 55.897854650731205,
    "receivedKBytesPerSec" : 3.111501674894217,
    "sentKBytesPerSec" : 6411.911720953808
  },
  "Put asset" : {
    "transaction" : "Put asset",
    "sampleCount" : 1506,
    "errorCount" : 0,
    "errorPct" : 0.0,
    "meanResTime" : 14.393094289508625,
    "medianResTime" : 5.0,
    "minResTime" : 3.0,
    "maxResTime" : 229.0,
    "pct1ResTime" : 48.299999999999955,
    "pct2ResTime" : 54.0,
    "pct3ResTime" : 138.68000000000484,
    "throughput" : 55.897854650731205,
    "receivedKBytesPerSec" : 3.111501674894217,
    "sentKBytesPerSec" : 6411.911720953808
  }
}