{
  "Total" : {
    "transaction" : "Total",
    "sampleCount" : 2622,
    "errorCount" : 0,
    "errorPct" : 0.0,
    "meanResTime" : 8.28947368421053,
    "medianResTime" : 6.0,
    "minResTime" : 4.0,
    "maxResTime" : 294.0,
    "pct1ResTime" : 9.0,
    "pct2ResTime" : 11.0,
    "pct3ResTime" : 40.0,
    "throughput" : 97.33100709009243,
    "receivedKBytesPerSec" : 10448.41611923002,
    "sentKBytesPerSec" : 18.097708886280113
  },
  "Get asset" : {
    "transaction" : "Get asset",
    "sampleCount" : 2622,
    "errorCount" : 0,
    "errorPct" : 0.0,
    "meanResTime" : 8.28947368421053,
    "medianResTime" : 6.0,
    "minResTime" : 4.0,
    "maxResTime" : 294.0,
    "pct1ResTime" : 9.0,
    "pct2ResTime" : 11.0,
    "pct3ResTime" : 40.0,
    "throughput" : 97.33100709009243,
    "receivedKBytesPerSec" : 10448.41611923002,
    "sentKBytesPerSec" : 18.097708886280113
  }
}