{
  "Total" : {
    "transaction" : "Total",
    "sampleCount" : 2719,
    "errorCount" : 0,
    "errorPct" : 0.0,
    "meanResTime" : 7.928650239058479,
    "medianResTime" : 6.0,
    "minResTime" : 4.0,
    "maxResTime" : 303.0,
    "pct1ResTime" : 9.0,
    "pct2ResTime" : 11.0,
    "pct3ResTime" : 64.4000000000051,
    "throughput" : 100.89053803339517,
    "receivedKBytesPerSec" : 10889.693768842764,
    "sentKBytesPerSec" : 18.758225591372913
  },
  "Get asset" : {
    "transaction" : "Get asset",
    "sampleCount" : 2719,
    "errorCount" : 0,
    "errorPct" : 0.0,
    "meanResTime" : 7.928650239058479,
    "medianResTime" : 6.0,
    "minResTime" : 4.0,
    "maxResTime" : 303.0,
    "pct1ResTime" : 9.0,
    "pct2ResTime" : 11.0,
    "pct3ResTime" : 64.4000000000051,
    "throughput" : 100.89053803339517,
    "receivedKBytesPerSec" : 10889.693768842764,
    "sentKBytesPerSec" : 18.758225591372913
  }
}