{
  "Total" : {
    "transaction" : "Total",
    "sampleCount" : 9822,
    "errorCount" : 0,
    "errorPct" : 0.0,
    "meanResTime" : 16.68702911830583,
    "medianResTime" : 6.0,
    "minResTime" : 3.0,
    "maxResTime" : 453.0,
    "pct1ResTime" : 49.0,
    "pct2ResTime" : 55.0,
    "pct3ResTime" : 87.54000000000087,
    "throughput" : 327.9794303269109,
    "receivedKBytesPerSec" : 18.256667508431562,
    "sentKBytesPerSec" : 33727.61236909164
  },
  "Put asset" : {
    "transaction" : "Put asset",
    "sampleCount" : 9822,
    "errorCount" : 0,
    "errorPct" : 0.0,
    "meanResTime" : 16.68702911830583,
    "medianResTime" : 6.0,
    "minResTime" : 3.0,
    "maxResTime" : 453.0,
    "pct1ResTime" : 49.0,
    "pct2ResTime" : 55.0,
    "pct3ResTime" : 87.54000000000087,
    "throughput" : 327.9794303269109,
    "receivedKBytesPerSec" : 18.256667508431562,
    "sentKBytesPerSec" : 33727.61236909164
  }
}