{
  "Total" : {
    "transaction" : "Total",
    "sampleCount" : 2926,
    "errorCount" : 0,
    "errorPct" : 0.0,
    "meanResTime" : 7.35475051264524,
    "medianResTime" : 5.0,
    "minResTime" : 4.0,
    "maxResTime" : 263.0,
    "pct1ResTime" : 8.0,
    "pct2ResTime" : 10.0,
    "pct3ResTime" : 43.840000000000146,
    "throughput" : 108.6318915908669,
    "receivedKBytesPerSec" : 11071.618994512251,
    "sentKBytesPerSec" : 20.203912486077595
  },
  "Get asset" : {
    "transaction" : "Get asset",
    "sampleCount" : 2926,
    "errorCount" : 0,
    "errorPct" : 0.0,
    "meanResTime" : 7.35475051264524,
    "medianResTime" : 5.0,
    "minResTime" : 4.0,
    "maxResTime" : 263.0,
    "pct1ResTime" : 8.0,
    "pct2ResTime" : 10.0,
    "pct3ResTime" : 43.840000000000146,
    "throughput" : 108.6318915908669,
    "receivedKBytesPerSec" : 11071.618994512251,
    "sentKBytesPerSec" : 20.203912486077595
  }
}