{
  "Total" : {
    "transaction" : "Total",
    "sampleCount" : 1495,
    "errorCount" : 0,
    "errorPct" : 0.0,
    "meanResTime" : 14.434113712374588,
    "medianResTime" : 5.0,
    "minResTime" : 3.0,
    "maxResTime" : 362.0,
    "pct1ResTime" : 48.0,
    "pct2ResTime" : 53.0,
    "pct3ResTime" : 140.7599999999984,
    "throughput" : 55.55142687277051,
    "receivedKBytesPerSec" : 3.0922180974100772,
    "sentKBytesPerSec" : 6411.966584667156
  },
  "Put asset" : {
    "transaction" : "Put asset",
    "sampleCount" : 1495,
    "errorCount" : 0,
    "errorPct" : 0.0,
    "meanResTime" : 14.434113712374588,
    "medianResTime" : 5.0,
    "minResTime" : 3.0,
    "maxResTime" : 362.0,
    "pct1ResTime" : 48.0,
    "pct2ResTime" : 53.0,
    "pct3ResTime" : 140.7599999999984,
    "throughput" : 55.55142687277051,
    "receivedKBytesPerSec" : 3.0922180974100772,
    "sentKBytesPerSec" : 6411.966584667156
  }
}