{
  "Total" : {
    "transaction" : "Total",
    "sampleCount" : 9918,
    "errorCount" : 0,
    "errorPct" : 0.0,
    "meanResTime" : 16.54103649929411,
    "medianResTime" : 6.0,
    "minResTime" : 3.0,
    "maxResTime" : 437.0,
    "pct1ResTime" : 49.0,
    "pct2ResTime" : 55.0,
    "pct3ResTime" : 77.0,
    "throughput" : 331.07454017424976,
    "receivedKBytesPerSec" : 18.4289538964182,
    "sentKBytesPerSec" : 33817.74485486489
  },
  "Put asset" : {
    "transaction" : "Put asset",
    "sampleCount" : 9918,
    "errorCount" : 0,
    "errorPct" : 0.0,
    "meanResTime" : 16.54103649929411,
    "medianResTime" : 6.0,
    "minResTime" : 3.0,
    "maxResTime" : 437.0,
    "pct1ResTime" : 49.0,
    "pct2ResTime" : 55.0,
    "pct3ResTime" : 77.0,
    "throughput" : 331.07454017424976,
    "receivedKBytesPerSec" : 18.4289538964182,
    "sentKBytesPerSec" : 33817.74485486489
  }
}