{
  "Total" : {
    "transaction" : "Total",
    "sampleCount" : 9864,
    "errorCount" : 0,
    "errorPct" : 0.0,
    "meanResTime" : 16.62175587996754,
    "medianResTime" : 6.0,
    "minResTime" : 3.0,
    "maxResTime" : 558.0,
    "pct1ResTime" : 49.0,
    "pct2ResTime" : 55.0,
    "pct3ResTime" : 73.70000000000073,
    "throughput" : 329.45891783567134,
    "receivedKBytesPerSec" : 18.339021793587175,
    "sentKBytesPerSec" : 33779.881736128504
  },
  "Put asset" : {
    "transaction" : "Put asset",
    "sampleCount" : 9864,
    "errorCount" : 0,
    "errorPct" : 0.0,
    "meanResTime" : 16.62175587996754,
    "medianResTime" : 6.0,
    "minResTime" : 3.0,
    "maxResTime" : 558.0,
    "pct1ResTime" : 49.0,
    "pct2ResTime" : 55.0,
    "pct3ResTime" : 73.70000000000073,
    "throughput" : 329.45891783567134,
    "receivedKBytesPerSec" : 18.339021793587175,
    "sentKBytesPerSec" : 33779.881736128504
  }
}