{
  "Total" : {
    "transaction" : "Total",
    "sampleCount" : 1460,
    "errorCount" : 0,
    "errorPct" : 0.0,
    "meanResTime" : 15.027397260273963,
    "medianResTime" : 5.0,
    "minResTime" : 3.0,
    "maxResTime" : 223.0,
    "pct1ResTime" : 52.0,
    "pct2ResTime" : 56.950000000000045,
    "pct3ResTime" : 69.3900000000001,
    "throughput" : 54.1965180593192,
    "receivedKBytesPerSec" : 3.016798368536323,
    "sentKBytesPerSec" : 5398.1130183586065
  },
  "Put asset" : {
    "transaction" : "Put asset",
    "sampleCount" : 1460,
    "errorCount" : 0,
    "errorPct" : 0.0,
    "meanResTime" : 15.027397260273963,
    "medianResTime" : 5.0,
    "minResTime" : 3.0,
    "maxResTime" : 223.0,
    "pct1ResTime" : 52.0,
    "pct2ResTime" : 56.950000000000045,
    "pct3ResTime" : 69.3900000000001,
    "throughput" : 54.1965180593192,
    "receivedKBytesPerSec" : 3.016798368536323,
    "sentKBytesPerSec" : 5398.1130183586065
  }
}