{
  "Total" : {
    "transaction" : "Total",
    "sampleCount" : 8980,
    "errorCount" : 0,
    "errorPct" : 0.0,
    "meanResTime" : 18.363140311804003,
    "medianResTime" : 7.0,
    "minResTime" : 4.0,
    "maxResTime" : 571.0,
    "pct1ResTime" : 53.900000000000546,
    "pct2ResTime" : 60.0,
    "pct3ResTime" : 81.0,
    "throughput" : 297.8144794879448,
    "receivedKBytesPerSec" : 16.577563799621927,
    "sentKBytesPerSec" : 31314.151505706315
  },
  "Put asset" : {
    "transaction" : "Put asset",
    "sampleCount" : 8980,
    "errorCount" : 0,
    "errorPct" : 0.0,
    "meanResTime" : 18.363140311804003,
    "medianResTime" : 7.0,
    "minResTime" : 4.0,
    "maxResTime" : 571.0,
    "pct1ResTime" : 53.900000000000546,
    "pct2ResTime" : 60.0,
    "pct3ResTime" : 81.0,
    "throughput" : 297.8144794879448,
    "receivedKBytesPerSec" : 16.577563799621927,
    "sentKBytesPerSec" : 31314.151505706315
  }
}