{
  "Total" : {
    "transaction" : "Total",
    "sampleCount" : 1439,
    "errorCount" : 0,
    "errorPct" : 0.0,
    "meanResTime" : 15.132036136205702,
    "medianResTime" : 7.0,
    "minResTime" : 4.0,
    "maxResTime" : 215.0,
    "pct1ResTime" : 48.0,
    "pct2ResTime" : 54.0,
    "pct3ResTime" : 63.0,
    "throughput" : 53.42094516835579,
    "receivedKBytesPerSec" : 2.9736268306604297,
    "sentKBytesPerSec" : 5071.865240538107
  },
  "Put asset" : {
    "transaction" : "Put asset",
    "sampleCount" : 1439,
    "errorCount" : 0,
    "errorPct" : 0.0,
    "meanResTime" : 15.132036136205702,
    "medianResTime" : 7.0,
    "minResTime" : 4.0,
    "maxResTime" : 215.0,
    "pct1ResTime" : 48.0,
    "pct2ResTime" : 54.0,
    "pct3ResTime" : 63.0,
    "throughput" : 53.42094516835579,
    "receivedKBytesPerSec" : 2.9736268306604297,
    "sentKBytesPerSec" : 5071.865240538107
  }
}