{
  "Total" : {
    "transaction" : "Total",
    "sampleCount" : 1490,
    "errorCount" : 0,
    "errorPct" : 0.0,
    "meanResTime" : 14.585234899328848,
    "medianResTime" : 5.0,
    "minResTime" : 3.0,
    "maxResTime" : 313.0,
    "pct1ResTime" : 49.0,
    "pct2ResTime" : 55.0,
    "pct3ResTime" : 150.07999999999902,
    "throughput" : 55.215860663331476,
    "receivedKBytesPerSec" : 3.073539118954975,
    "sentKBytesPerSec" : 6401.489253288864
  },
  "Put asset" : {
    "transaction" : "Put asset",
    "sampleCount" : 1490,
    "errorCount" : 0,
    "errorPct" : 0.0,
    "meanResTime" : 14.585234899328848,
    "medianResTime" : 5.0,
    "minResTime" : 3.0,
    "maxResTime" : 313.0,
    "pct1ResTime" : 49.0,
    "pct2ResTime" : 55.0,
    "pct3ResTime" : 150.07999999999902,
    "throughput" : 55.215860663331476,
    "receivedKBytesPerSec" : 3.073539118954975,
    "sentKBytesPerSec" : 6401.489253288864
  }
}