{
  "Total" : {
    "transaction" : "Total",
    "sampleCount" : 9911,
    "errorCount" : 0,
    "errorPct" : 0.0,
    "meanResTime" : 16.553122792856403,
    "medianResTime" : 6.0,
    "minResTime" : 3.0,
    "maxResTime" : 447.0,
    "pct1ResTime" : 49.0,
    "pct2ResTime" : 55.0,
    "pct3ResTime" : 74.0,
    "throughput" : 330.9734513274336,
    "receivedKBytesPerSec" : 18.423326880530972,
    "sentKBytesPerSec" : 33824.9362437907
  },
  "Put asset" : {
    "transaction" : "Put asset",
    "sampleCount" : 9911,
    "errorCount" : 0,
    "errorPct" : 0.0,
    "meanResTime" : 16.553122792856403,
    "medianResTime" : 6.0,
    "minResTime" : 3.0,
    "maxResTime" : 447.0,
    "pct1ResTime" : 49.0,
    "pct2ResTime" : 55.0,
    "pct3ResTime" : 74.0,
    "throughput" : 330.9734513274336,
    "receivedKBytesPerSec" : 18.423326880530972,
    "sentKBytesPerSec" : 33824.9362437907
  }
}