{
  "Total" : {
    "transaction" : "Total",
    "sampleCount" : 1458,
    "errorCount" : 0,
    "errorPct" : 0.0,
    "meanResTime" : 14.971879286694096,
    "medianResTime" : 6.0,
    "minResTime" : 4.0,
    "maxResTime" : 230.0,
    "pct1ResTime" : 49.0,
    "pct2ResTime" : 54.0,
    "pct3ResTime" : 62.0,
    "throughput" : 54.10620848331911,
    "receivedKBytesPerSec" : 3.011771370653505,
    "sentKBytesPerSec" : 5396.477090735982
  },
  "Put asset" : {
    "transaction" : "Put asset",
    "sampleCount" : 1458,
    "errorCount" : 0,
    "errorPct" : 0.0,
    "meanResTime" : 14.971879286694096,
    "medianResTime" : 6.0,
    "minResTime" : 4.0,
    "maxResTime" : 230.0,
    "pct1ResTime" : 49.0,
    "pct2ResTime" : 54.0,
    "pct3ResTime" : 62.0,
    "throughput" : 54.10620848331911,
    "receivedKBytesPerSec" : 3.011771370653505,
    "sentKBytesPerSec" : 5396.477090735982
  }
}