{
  "Total" : {
    "transaction" : "Total",
    "sampleCount" : 3772,
    "errorCount" : 0,
    "errorPct" : 0.0,
    "meanResTime" : 5.810975609756096,
    "medianResTime" : 4.0,
    "minResTime" : 2.0,
    "maxResTime" : 281.0,
    "pct1ResTime" : 7.0,
    "pct2ResTime" : 8.0,
    "pct3ResTime" : 38.23999999999978,
    "throughput" : 140.00445401232275,
    "receivedKBytesPerSec" : 14523.131576627571,
    "sentKBytesPerSec" : 26.034985164891246
  },
  "Get asset" : {
    "transaction" : "Get asset",
    "sampleCount" : 3772,
    "errorCount" : 0,
    "errorPct" : 0.0,
    "meanResTime" : 5.810975609756096,
    "medianResTime" : 4.0,
    "minResTime" : 2.0,
    "maxResTime" : 281.0,
    "pct1ResTime" : 7.0,
    "pct2ResTime" : 8.0,
    "pct3ResTime" : 38.23999999999978,
    "throughput" : 140.00445401232275,
    "receivedKBytesPerSec" : 14523.131576627571,
    "sentKBytesPerSec" : 26.034985164891246
  }
}