{
  "Total" : {
    "transaction" : "Total",
    "sampleCount" : 3079,
    "errorCount" : 0,
    "errorPct" : 0.0,
    "meanResTime" : 6.999350438454041,
    "medianResTime" : 5.0,
    "minResTime" : 3.0,
    "maxResTime" : 206.0,
    "pct1ResTime" : 8.0,
    "pct2ResTime" : 9.0,
    "pct3ResTime" : 33.0,
    "throughput" : 114.2782912073637,
    "receivedKBytesPerSec" : 11230.018580892996,
    "sentKBytesPerSec" : 21.252005101046652
  },
  "Get asset" : {
    "transaction" : "Get asset",
    "sampleCount" : 3079,
    "errorCount" : 0,
    "errorPct" : 0.0,
    "meanResTime" : 6.999350438454041,
    "medianResTime" : 5.0,
    "minResTime" : 3.0,
    "maxResTime" : 206.0,
    "pct1ResTime" : 8.0,
    "pct2ResTime" : 9.0,
    "pct3ResTime" : 33.0,
    "throughput" : 114.2782912073637,
    "receivedKBytesPerSec" : 11230.018580892996,
    "sentKBytesPerSec" : 21.252005101046652
  }
}