{
  "Total" : {
    "transaction" : "Total",
    "sampleCount" : 1479,
    "errorCount" : 0,
    "errorPct" : 0.0,
    "meanResTime" : 14.622718052738337,
    "medianResTime" : 5.0,
    "minResTime" : 4.0,
    "maxResTime" : 388.0,
    "pct1ResTime" : 48.0,
    "pct2ResTime" : 52.0,
    "pct3ResTime" : 173.80000000000018,
    "throughput" : 54.895701878108525,
    "receivedKBytesPerSec" : 3.0557177803244007,
    "sentKBytesPerSec" : 6390.679805229753
  },
  "Put asset" : {
    "transaction" : "Put asset",
    "sampleCount" : 1479,
    "errorCount" : 0,
    "errorPct" : 0.0,
    "meanResTime" : 14.622718052738337,
    "medianResTime" : 5.0,
    "minResTime" : 4.0,
    "maxResTime" : 388.0,
    "pct1ResTime" : 48.0,
    "pct2ResTime" : 52.0,
    "pct3ResTime" : 173.80000000000018,
    "throughput" : 54.895701878108525,
    "receivedKBytesPerSec" : 3.0557177803244007,
    "sentKBytesPerSec" : 6390.679805229753
  }
}