{
  "Total" : {
    "transaction" : "Total",
    "sampleCount" : 76235,
    "errorCount" : 0,
    "errorPct" : 0.0,
    "meanResTime" : 17.862438512494197,
    "medianResTime" : 7.0,
    "minResTime" : 3.0,
    "maxResTime" : 454.0,
    "pct1ResTime" : 50.0,
    "pct2ResTime" : 56.0,
    "pct3ResTime" : 80.0,
    "throughput" : 508.44009897358256,
    "receivedKBytesPerSec" : 28.30184144677169,
    "sentKBytesPerSec" : 52299.62748001896
  },
  "Put asset" : {
    "transaction" : "Put asset",
    "sampleCount" : 76235,
    "errorCount" : 0,
    "errorPct" : 0.0,
    "meanResTime" : 17.862438512494197,
    "medianResTime" : 7.0,
    "minResTime" : 3.0,
    "maxResTime" : 454.0,
    "pct1ResTime" : 50.0,
    "pct2ResTime" : 56.0,
    "pct3ResTime" : 80.0,
    "throughput" : 508.44009897358256,
    "receivedKBytesPerSec" : 28.30184144677169,
    "sentKBytesPerSec" : 52299.62748001896
  }
}