{
  "Total" : {
    "transaction" : "Total",
    "sampleCount" : 3774,
    "errorCount" : 0,
    "errorPct" : 0.0,
    "meanResTime" : 5.7835188129305735,
    "medianResTime" : 4.0,
    "minResTime" : 2.0,
    "maxResTime" : 263.0,
    "pct1ResTime" : 7.0,
    "pct2ResTime" : 8.0,
    "pct3ResTime" : 34.0,
    "throughput" : 140.07868755103556,
    "receivedKBytesPerSec" : 14849.488201796916,
    "sentKBytesPerSec" : 26.04854148494915
  },
  "Get asset" : {
    "transaction" : "Get asset",
    "sampleCount" : 3774,
    "errorCount" : 0,
    "errorPct" : 0.0,
    "meanResTime" : 5.7835188129305735,
    "medianResTime" : 4.0,
    "minResTime" : 2.0,
    "maxResTime" : 263.0,
    "pct1ResTime" : 7.0,
    "pct2ResTime" : 8.0,
    "pct3ResTime" : 34.0,
    "throughput" : 140.07868755103556,
    "receivedKBytesPerSec" : 14849.488201796916,
    "sentKBytesPerSec" : 26.04854148494915
  }
}