{
  "Total" : {
    "transaction" : "Total",
    "sampleCount" : 9871,
    "errorCount" : 0,
    "errorPct" : 0.0,
    "meanResTime" : 16.610576436024697,
    "medianResTime" : 6.0,
    "minResTime" : 3.0,
    "maxResTime" : 451.0,
    "pct1ResTime" : 49.0,
    "pct2ResTime" : 55.0,
    "pct3ResTime" : 83.0,
    "throughput" : 329.5716336683249,
    "receivedKBytesPerSec" : 18.345296014740743,
    "sentKBytesPerSec" : 33773.82325376239
  },
  "Put asset" : {
    "transaction" : "Put asset",
    "sampleCount" : 9871,
    "errorCount" : 0,
    "errorPct" : 0.0,
    "meanResTime" : 16.610576436024697,
    "medianResTime" : 6.0,
    "minResTime" : 3.0,
    "maxResTime" : 451.0,
    "pct1ResTime" : 49.0,
    "pct2ResTime" : 55.0,
    "pct3ResTime" : 83.0,
    "throughput" : 329.5716336683249,
    "receivedKBytesPerSec" : 18.345296014740743,
    "sentKBytesPerSec" : 33773.82325376239
  }
}