{
  "Total" : {
    "transaction" : "Total",
    "sampleCount" : 2618,
    "errorCount" : 0,
    "errorPct" : 0.0,
    "meanResTime" : 8.417112299465272,
    "medianResTime" : 6.0,
    "minResTime" : 4.0,
    "maxResTime" : 283.0,
    "pct1ResTime" : 10.0,
    "pct2ResTime" : 11.0,
    "pct3ResTime" : 33.0,
    "throughput" : 97.18613111589576,
    "receivedKBytesPerSec" : 10122.385235598877,
    "sentKBytesPerSec" : 18.070937778417107
  },
  "Get asset" : {
    "transaction" : "Get asset",
    "sampleCount" : 2618,
    "errorCount" : 0,
    "errorPct" : 0.0,
    "meanResTime" : 8.417112299465272,
    "medianResTime" : 6.0,
    "minResTime" : 4.0,
    "maxResTime" : 283.0,
    "pct1ResTime" : 10.0,
    "pct2ResTime" : 11.0,
    "pct3ResTime" : 33.0,
    "throughput" : 97.18613111589576,
    "receivedKBytesPerSec" : 10122.385235598877,
    "sentKBytesPerSec" : 18.070937778417107
  }
}