{
  "Total" : {
    "transaction" : "Total",
    "sampleCount" : 3818,
    "errorCount" : 0,
    "errorPct" : 0.0,
    "meanResTime" : 5.620743844944999,
    "medianResTime" : 4.0,
    "minResTime" : 2.0,
    "maxResTime" : 333.0,
    "pct1ResTime" : 6.0,
    "pct2ResTime" : 7.0,
    "pct3ResTime" : 30.809999999999945,
    "throughput" : 141.74865416744015,
    "receivedKBytesPerSec" : 15228.960706910155,
    "sentKBytesPerSec" : 26.358377227584928
  },
  "Get asset" : {
    "transaction" : "Get asset",
    "sampleCount" : 3818,
    "errorCount" : 0,
    "errorPct" : 0.0,
    "meanResTime" : 5.620743844944999,
    "medianResTime" : 4.0,
    "minResTime" : 2.0,
    "maxResTime" : 333.0,
    "pct1ResTime" : 6.0,
    "pct2ResTime" : 7.0,
    "pct3ResTime" : 30.809999999999945,
    "throughput" : 141.74865416744015,
    "receivedKBytesPerSec" : 15228.960706910155,
    "sentKBytesPerSec" : 26.358377227584928
  }
}