{
  "Total" : {
    "transaction" : "Total",
    "sampleCount" : 1318,
    "errorCount" : 0,
    "errorPct" : 0.0,
    "meanResTime" : 16.45144157814871,
    "medianResTime" : 7.0,
    "minResTime" : 4.0,
    "maxResTime" : 230.0,
    "pct1ResTime" : 53.0,
    "pct2ResTime" : 58.0,
    "pct3ResTime" : 66.80999999999995,
    "throughput" : 48.968976407207876,
    "receivedKBytesPerSec" : 2.725812163291845,
    "sentKBytesPerSec" : 4608.279863981516
  },
  "Put asset" : {
    "transaction" : "Put asset",
    "sampleCount" : 1318,
    "errorCount" : 0,
    "errorPct" : 0.0,
    "meanResTime" : 16.45144157814871,
    "medianResTime" : 7.0,
    "minResTime" : 4.0,
    "maxResTime" : 230.0,
    "pct1ResTime" : 53.0,
    "pct2ResTime" : 58.0,
    "pct3ResTime" : 66.80999999999995,
    "throughput" : 48.968976407207876,
    "receivedKBytesPerSec" : 2.725812163291845,
    "sentKBytesPerSec" : 4608.279863981516
  }
}